sentence,lemma,verb,verb_pos,theme,recipient,theme_pos,recipient_pos
give me the ear .,give,give,VB,ear,me,NN,PRP
give me give me apple juice ?,give,give,VB,juice,me,NN,PRP
maybe i can find you a jacket .,find,find,VB,jacket,you,NN,PRP
oh i forgot i gave daddy my fork too .,give,gave,VBD,fork,daddy,NN,NNP
yeah what what's he say when he cries ?,say,say,VB,what,what,WP,WP
who told you that ?,tell,told,VBD,that,you,DT,PRP
i'll give you some sea grass .,give,give,VB,grass,you,NN,PRP
ross can i ask you some more questions .,ask,ask,VB,questions,you,NNS,PRP
what are you giving me ?,give,giving,VBG,me,what,PRP,WP
can you bring me that ?,bring,bring,VB,that,me,DT,PRP
remember when we gave po a ride on it .,give,gave,VBD,ride,po,NN,NNP
i'll give you some milk .,give,give,VB,milk,you,NN,PRP
should we give him a new face ?,give,give,VB,face,him,NN,PRP
i'll trade you my brussels sprouts for my chicken .,trade,trade,VB,sprouts,you,NNS,PRP
you gonna give me a hair cut .,give,give,VB,cut,me,NN,PRP
and they thought you were very cute and they would bring you toys .,bring,bring,VB,toys,you,NNS,PRP
jeanne gave you a coloring book .,give,gave,VBD,book,you,NN,PRP
better give papa some bread and butter eve .,give,give,VB,bread,papa,NN,NNP
can yo tell me your name ?,tell,tell,VB,name,me,NN,PRP
give travis one ?,give,give,VB,one,travis,CD,NNP
yeah you're low on the apple juice but i'm gonna make you some milk .,make,make,VB,milk,you,NN,PRP
katie brought me a friend of his gave him that ?,bring,brought,VBD,friend,me,NN,PRP
hey sarah give me your ball !,give,give,VB,ball,me,NN,PRP
tells you all the nice things the salvation army does ?,tell,tells,VBZ,things,you,NNS,PRP
what did nonna tell you on the telephone ?,tell,tell,VB,you,what,PRP,WP
did you show her you fishies .,show,show,VB,fishies,her,NNS,PRP
tell him jilly .,tell,tell,VB,jilly,him,NNP,PRP
i want you to sit an animal or a dolly over on this chair and feed her everything .,feed,feed,VB,everything,her,NN,PRP
now give him the thing ?,give,give,VB,thing,him,NN,PRP
nah that's not what you told me it was .,tell,told,VBD,me,what,PRP,WP
you're telling me a story .,tell,telling,VBG,story,me,NN,PRP
give me more gas .,give,give,VB,gas,me,NN,PRP
here wait a minute let me show you something .,show,show,VB,something,you,NN,PRP
and mommy's gonna give him a little cup and what is he gonna do .,give,give,VB,cup,him,NN,PRP
who gave you such funny ideas ?,give,gave,VBD,ideas,you,NNS,PRP
well why don't laura tell me the danny story and we'll hear it on the tape recorder .,tell,tell,VB,story,me,NN,PRP
look at the card that nonna sent you .,send,sent,VBD,you,that,PRP,WDT
who gave you those blocks nat ?,give,gave,VBD,blocks,you,NNS,PRP
what else does paul say adam ?,say,say,VB,adam,what,NNP,WP
and you gave me back the penny .,give,gave,VBD,penny,me,NN,PRP
betta sent you a letter ?,send,sent,VBD,letter,you,NN,PRP
can cookie monster give my puppet a kiss ?,give,give,VB,kiss,puppet,NN,NN
let me ask you another question ?,ask,ask,VB,question,you,NN,PRP
let me ask you another question if i can ?,ask,ask,VB,question,you,NN,PRP
oh you're gonna read me a story now .,read,read,VB,story,me,NN,PRP
do you want rice abe ?,want,want,VB,abe,rice,XX,NN
give it a bath .,give,give,VB,bath,it,NN,PRP
and i'll give you the money .,give,give,VB,money,you,NN,PRP
give me give me give me give me give me give me the phone please please please please please .,give,give,VB,phone,me,NN,PRP
give your mother goodbye ?,give,give,VB,goodbye,mother,NN,NN
can you bring me a shoe in your dump truck ?,bring,bring,VB,shoe,me,NN,PRP
we're staying inside but i will find you your white box .,find,find,VB,box,you,NN,PRP
you can't give me a ride until i move this ?,give,give,VB,ride,me,NN,PRP
they gave you fish and chips .,give,gave,VBD,fish,you,NN,PRP
i'll trade you my elephant mask said sue ellen .,trade,trade,VB,mask,you,NN,PRP
just tell me a little bit more about the big red house .,tell,tell,VB,more,me,JJR,PRP
alright i'm gonna give you a haircut when i'm done ?,give,give,VB,haircut,you,NN,PRP
bring your cup and i'll think about giving you some ?,give,giving,VBG,some,you,DT,PRP
you gonna give mommy a good morning kiss !,give,give,VB,kiss,mommy,NN,NN
oh i know exactly what she's saying the cinnamon sticks .,say,saying,VBG,sticks,what,NNS,WP
i was gonna give you this .,give,give,VB,this,you,DT,PRP
if daddy asks you about the school you visited today what are you gonna tell him about it .,tell,tell,VB,him,what,PRP,WP
can he give you a kiss .,give,give,VB,kiss,you,NN,PRP
and give mommy that book and i'll help you .,give,give,VB,book,mommy,NN,NN
here give me my rings .,give,give,VB,rings,me,NNS,PRP
we can't find them honey .,find,find,VB,honey,them,NN,PRP
and we're not quite set up yet just give me a minute .,give,give,VB,minute,me,NN,PRP
no give me the lion .,give,give,VB,lion,me,NN,PRP
why do not you you show her your thing .,show,show,VB,thing,her,NN,PRP
what are you gonna tell me ?,tell,tell,VB,me,what,PRP,WP
i will make you some tapioca on wednesday .,make,make,VB,tapioca,you,NN,PRP
i didn't give you your bonus blanket you're right .,give,give,VB,blanket,you,NN,PRP
okay now let me ask you a hard question okay ?,ask,ask,VB,question,you,NN,PRP
why do not you you sing me a song .,sing,sing,VB,song,me,NN,PRP
you want a peanut butter apple abe ?,want,want,VB,abe,apple,NNP,NN
roman i know what you told jenell .,tell,told,VBD,jenell,what,NNP,WP
tell me what tell me what this is .,tell,tell,VBP,me,what,PRP,WP
i'll write whatever you tell me .,tell,tell,VBP,me,whatever,PRP,WDT
and then i'll read you a book .,read,read,VB,book,you,NN,PRP
well here she will she can tell you something about the pegs carey ?,tell,tell,VB,something,you,NN,PRP
i was on the phone what did you wanna ask me ?,ask,ask,VB,me,what,PRP,WP
laura i'll give you the last little bit of my egg .,give,give,VB,bit,you,NN,PRP
okay give me one .,give,give,VB,one,me,NN,PRP
he would always tell the little boy stories about brer rabbit and brer fox and the little bear that's uncle remus ?,tell,tell,VB,stories,boy,NNS,NN
why don't you ask lynn it she's like some of this candy ?,ask,ask,VB,it,lynn,PRP,NNP
well give him one dear .,give,give,VB,dear,him,NN,PRP
no no i gave you money .,give,gave,VBD,money,you,NN,PRP
let's see if i can find you a milkshake ?,find,find,VB,milkshake,you,NN,PRP
look can i tell you a secret i wanna tell you a secret ?,tell,tell,VB,secret,you,NN,PRP
did you take her a birthday present ?,take,take,VB,present,her,NN,PRP
you gonna read me a story ?,read,read,VB,story,me,NN,PRP
you gonna give me a kiss ?,give,give,VB,kiss,me,NN,PRP
why don't you go give mom the horn okay .,give,give,VB,horn,mom,NN,NN
that's why i gave you that though ?,give,gave,VBD,that,you,DT,PRP
john can i ask you something .,ask,ask,VB,something,you,NN,PRP
alright just give me that one .,give,give,VB,one,me,NN,PRP
you give her more out of this ?,give,give,VBP,more,her,JJR,PRP
show me this show me this right here !,show,show,VB,this,me,DT,PRP
what does what does a turkey say ?,say,say,VB,what,what,WP,WP
what a neat experiment did daddy tell you how that works ?,tell,tell,VB,you,experiment,PRP,NN
what are you making honey ?,make,making,VBG,honey,what,NN,WP
well i can give you some of the cherry medicine for your stuffy nose if you want .,give,give,VB,some,you,DT,PRP
you better feed him something ?,feed,feed,VB,something,him,NN,PRP
hey we could give tom some of the pie .,give,give,VB,some,tom,DT,NNP
you can give yourself a ride .,give,give,VB,ride,yourself,NN,PRP
want me to why don't you let me give you some some medicine .,give,give,VB,medicine,you,NN,PRP
are you giving him a ride ?,give,giving,VBG,ride,him,NN,PRP
you give me a headache ?,give,give,VB,headache,me,NN,PRP
let's take off your bib and give you your water back ?,give,give,VB,water,you,NN,PRP
i don't have a dollar but i'll trade you my bionic bunny spy glasses ?,trade,trade,VB,glasses,you,NNS,PRP
wanna show manuela your wiggle dance ?,show,show,VB,dance,manuela,NN,NNP
okay well do you have something to write on if i give you paper ?,give,give,VBP,paper,you,NN,PRP
and she gave him a great big fuzzy bunny hug .,give,gave,VBD,hug,him,NN,PRP
and then i'll give you the top after you collect all your nuts ?,give,give,VB,top,you,NN,PRP
go tell roman that ?,tell,tell,VB,that,roman,DT,NNP
i know what you told jenell roman ?,tell,told,VBD,roman,what,NNP,WP
yeah i'll give you some money .,give,give,VB,money,you,NN,PRP
oh you can take him honey ?,take,take,VB,honey,him,NN,PRP
what did the man across the aisle give you ?,give,give,VB,you,what,PRP,WP
give me a kiss goodbye .,give,give,VB,kiss,me,NN,PRP
did dora teach you that .,teach,teach,VB,that,you,DT,PRP
i'll give you milk ?,give,give,VB,milk,you,NN,PRP
melissa's asked you a question .,ask,asked,VBD,question,you,NN,PRP
i can give you milk for making cheese .,give,give,VB,milk,you,NN,PRP
can you give me some groceries in my trunk ?,give,give,VB,groceries,me,NNS,PRP
give me the sock i need that that's mine !,give,give,VB,sock,me,NN,PRP
did we give donald a shampoo .,give,give,VB,shampoo,donald,NN,NNP
can you give me two babies like this ?,give,give,VB,babies,me,NNS,PRP
the birds are gonna listen to you telling them story about the birds .,tell,telling,VBG,story,them,NN,PRP
give me another one ?,give,give,VB,one,me,NN,PRP
did nonna give you the bicycle .,give,give,VB,bicycle,you,NN,PRP
that you could give your customers .,give,give,VB,customers,that,NNS,DT
but i'll show you some pictures we took on our camping trip ?,show,show,VB,pictures,you,NNS,PRP
nanny didn't give you that .,give,give,VB,that,you,DT,PRP
does anyone give you cookies .,give,give,VB,cookies,you,NNS,PRP
you're gonna give me some change .,give,give,VB,change,me,NN,PRP
give me some water ?,give,give,VB,water,me,NN,PRP
you wanna show me a picture ?,show,show,VB,picture,me,NN,PRP
did you show edna what um what mike and edna brought you .,bring,brought,VBD,what,what,WP,WP
yeah but i gave you some money .,give,gave,VBD,money,you,NN,PRP
so i wouldn't use them for cards that we're gonna give our children who are friends .,give,give,VB,children,that,NNS,WDT
did you show linda your new balloon .,show,show,VB,balloon,linda,NN,NNP
sometimes she gives you coke .,give,gives,VBZ,coke,you,NN,PRP
why don't you tell me a story with the puppets !,tell,tell,VB,story,me,NN,PRP
did you teach him that .,teach,teach,VB,that,him,DT,PRP
did you bring your teacher a present yesterday .,bring,bring,VB,present,teacher,NN,NN
and we'll charge you five cents for that .,charge,charge,VB,cents,you,NNS,PRP
better not give him that .,give,give,VB,that,him,DT,PRP
what the oli what's the lion saying ?,say,saying,VBG,what,oli,WP,NNP
okay and you gave me back a quarter change .,give,gave,VBD,change,me,NN,PRP
who's gonna give you the records ?,give,give,VB,records,you,NNS,PRP
for the entire country to see what i'm feeding you at nine thirty in the mourning .,feed,feeding,VBG,you,what,PRP,WP
okay i think i'll take just just take one a five dollar bill this time .,take,take,VB,bill,one,NN,CD
wow this is a great book all kinds of stuff i can't believe they sent us this catalog .,send,sent,VBD,catalog,us,NN,PRP
okay now when you do it let me show you a trick okay ?,show,show,VB,trick,you,NN,PRP
wanna give me a kiss .,give,give,VB,kiss,me,NN,PRP
i have to know how much it costs john .,cost,costs,VBZ,john,much,NNP,JJ
what don't you want love ?,want,want,VB,love,what,NN,WP
let me let me find you a green one ?,find,find,VB,one,you,NN,PRP
isn't it silly that the prince danced with cinderella all night lo long and he didn't ask her her name .,ask,ask,VB,name,her,NN,PRP
hello are you the one that sold me all these dinosaurs ?,sell,sold,VBD,dinosaurs,me,NNS,PRP
how many carrots did you give me ?,give,give,VB,me,carrots,PRP,NNS
okay i won't call you that any more ?,call,call,VB,that,you,DT,PRP
how much did you give me ?,give,give,VB,me,much,PRP,JJ
give you some what ?,give,give,VB,what,you,WP,PRP
what are they tell mommy show me show me ?,tell,tell,VB,mommy,what,NN,WP
can i show you something .,show,show,VB,something,you,NN,PRP
does he give em lunch .,give,give,VB,lunch,em,NN,PRP
give her the salt .,give,give,VB,salt,her,NN,PRP
give me that one .,give,give,VB,one,me,NN,PRP
you're gonna throw you gonna throw mommy the ball .,throw,throw,VB,ball,mommy,NN,NN
and who gave you the apple juice ?,give,gave,VBD,juice,you,NN,PRP
give him some sugar .,give,give,VB,sugar,him,NN,PRP
oh they given him a hug ?,give,given,VBN,hug,him,NN,PRP
can you bring me a tissue ?,bring,bring,VB,tissue,me,NN,PRP
but i'll give you a piece of paper if you wanna draw with pastels .,give,give,VB,piece,you,NN,PRP
did you give him a pretzel .,give,give,VB,pretzel,him,NN,PRP
diandra give me that .,give,give,VB,that,me,DT,PRP
well read me that one !,read,read,VB,one,me,NN,PRP
i made this for you said franklin's mother and gave him his favorite snack fly pie .,give,gave,VBD,pie,him,NN,PRP
tulip will be worried that we're both missing said puddle i'd better give her a jingle .,give,give,VB,her,puddle,PRP,NN
can you find me the tiniest house here ?,find,find,VB,house,me,NN,PRP
you find me some meat .,find,find,VB,meat,me,NN,PRP
you're gonna give me a ten dollar bill okay alright are you ready ?,give,give,VB,bill,me,NN,PRP
i'll give you the first word .,give,give,VB,word,you,NN,PRP
actually i'll bring you some more of your cards .,bring,bring,VB,more,you,JJR,PRP
we'll give the tape a rest okay ?,give,give,VB,rest,tape,NN,NN
and she gave her the pretty dress ?,give,gave,VBD,dress,her,NN,PRP
i will give you twenty bucks for my groceries ?,give,give,VB,bucks,you,NNS,PRP
who gave you the apple juice ?,give,gave,VBD,juice,you,NN,PRP
why don't you give ursula the box ?,give,give,VB,box,ursula,NN,NNP
what's this boy giving this penguin ?,give,giving,VBG,penguin,what,NN,WP
i gave you one of those in a wallet ?,give,gave,VBD,one,you,NN,PRP
it's alright i'll give you a blank one .,give,give,VB,one,you,NN,PRP
and i made this for you said franklin and gave his parents two pictures and two big hugs ?,give,gave,VBD,pictures,parents,NNS,NNS
if you give me a nickel i'll give you the lasagne .,give,give,VBP,nickel,me,NN,PRP
and she brings it out and she gives everybody a treat .,give,gives,VBZ,treat,everybody,NN,NN
i think he's giving him medicine ?,give,giving,VBG,medicine,him,NN,PRP
tell her rock a bye baby .,tell,tell,VB,baby,her,NN,PRP
give me some more .,give,give,VB,more,me,JJR,PRP
you feed me some cake .,feed,feed,VBP,cake,me,NN,PRP
we made you an apple sauce cake .,make,made,VBD,cake,you,NN,PRP
i think it would be a good idea if you gave her a bath are you finished eating .,give,gave,VBD,bath,her,NN,PRP
we'll leave him a message .,leave,leave,VB,message,him,NN,PRP
tell me something .,tell,tell,VB,something,me,NN,PRP
so many cute little babies which one do you want .,want,want,VB,one,babies,NN,NNS
i know what we can tell erin let's tell erin about the trip we're gonna take where are we going tomorrow .,tell,tell,VB,erin,what,NNP,WP
tell it something .,tell,tell,VB,something,it,NN,PRP
you don't remember the story you told me the same story yesterday about her at school .,tell,told,VBD,story,me,NN,PRP
want ta sing us the song again ?,sing,sing,VB,song,us,NN,PRP
i just gave you milk .,give,gave,VBD,milk,you,NN,PRP
oh honey i'll write you a snow man later .,write,write,VB,man,you,NN,PRP
let me show you a trick ?,show,show,VB,trick,you,NN,PRP
give him ducky ?,give,give,VB,ducky,him,NNP,PRP
don't come hand me a cookie when you're pau with it .,hand,hand,VB,cookie,me,NN,PRP
just tell me a little bit more and then we'll be done .,tell,tell,VB,more,me,JJR,PRP
my parents were right there and mom gave me a great big .,give,gave,VBD,big,me,JJ,PRP
alex why don't you tell manuela your new joke .,tell,tell,VB,joke,manuela,NN,NNP
she will give him some honey .,give,give,VB,honey,him,NN,PRP
you want ta go get the box on the bed that we're gonna give pat ?,give,give,VB,pat,that,NNP,WDT
the bear gonna give you medicine .,give,give,VB,medicine,you,NN,PRP
i'm gonna give you that .,give,give,VB,that,you,DT,PRP
look sister gived you the rainbow one .,give,gived,VBD,one,you,NNP,PRP
show me your toys .,show,show,VB,toys,me,NNS,PRP
because there are not enough they only give us a certain number of hooks .,give,give,VBP,number,us,NN,PRP
what are you gonna give me for lunch ?,give,give,VB,me,what,PRP,WP
no you gave me the money .,give,gave,VBD,money,me,NN,PRP
and i gave you money ?,give,gave,VBD,money,you,NN,PRP
you ask mummy the game .,ask,ask,VBP,game,mummy,NN,NNP
what is he giving him ?,give,giving,VBG,him,what,PRP,WP
franklin's mother gave him a hug .,give,gave,VBD,hug,him,NN,PRP
say thank you give me it .,give,give,VB,it,me,PRP,PRP
give me that kalie .,give,give,VB,kalie,me,NNP,PRP
we'll just give him a pretend cookie ?,give,give,VB,cookie,him,NN,PRP
that's what my mother always told me so .,tell,told,VBD,me,what,PRP,WP
i gave you a raisin ?,give,gave,VBD,raisin,you,NN,PRP
who told you this ross ?,tell,told,VBD,ross,you,NNP,PRP
i think i'll give you a white piece of paper okay .,give,give,VB,piece,you,NN,PRP
alex what did i tell you about that .,tell,tell,VB,you,what,PRP,WP
are you giving me that .,give,giving,VBG,that,me,DT,PRP
she's giving him some food .,give,giving,VBG,food,him,NN,PRP
watch this let me show you something .,show,show,VB,something,you,NN,PRP
pass me your glass .,pass,pass,VB,glass,me,NN,PRP
bring me the red pen when you're done .,bring,bring,VB,pen,me,NN,PRP
daddy brought oliver something special .,bring,brought,VBD,something,oliver,NN,NNP
well baldy's gonna give you a kiss ?,give,give,VB,kiss,you,NN,PRP
who read you that one ?,read,read,VBD,one,you,NN,PRP
okay give me one more .,give,give,VB,one,me,CD,PRP
i can give you a nice fresh .,give,give,VB,fresh,you,NN,PRP
what are you saying choo choo ?,say,saying,VBG,choo,what,NN,WP
do you wanna show you something ?,show,show,VB,something,you,NN,PRP
and i'll serve you some sugar and tea .,serve,serve,VB,sugar,you,NN,PRP
who gave you that ?,give,gave,VBD,that,you,DT,PRP
just like what mommy has when she gives you a kiss .,give,gives,VBZ,kiss,you,NN,PRP
you know what's gonna happen after i give you your lunch ?,give,give,VBP,lunch,you,NN,PRP
giving people presents and ?,give,giving,VBG,presents,people,NNS,NNS
can my puppet give you a kiss .,give,give,VB,kiss,you,NN,PRP
no she gave you a piece now ?,give,gave,VBD,piece,you,NN,PRP
let me give you a hug .,give,give,VB,hug,you,NN,PRP
i will give you some water ?,give,give,VB,water,you,NN,PRP
can you show me the worm ?,show,show,VB,worm,me,NN,PRP
my son brian i told you his name ?,tell,told,VBD,name,you,NN,PRP
we'll show erin the old old pumpkin oh you want sully okay .,show,show,VB,pumpkin,erin,NN,NNP
you know what you used to do when you were a baby when i fed you food like that ?,feed,fed,VBD,food,you,NN,PRP
alex give me the ball .,give,give,VB,ball,me,NN,PRP
okay well let me give it a little polish here .,give,give,VB,polish,it,NN,PRP
but no you gave me this back as change .,give,gave,VBD,this,me,DT,PRP
you're gonna have to find some more so i can take you fishing ?,take,take,VB,fishing,you,NN,PRP
daddy made you a waffle .,make,made,VBD,waffle,you,NN,PRP
give me money ?,give,give,VB,money,me,NN,PRP
i can't said the elephant please begged the bird i won't be gone long sir i give you my word .,give,give,VBP,word,you,NN,PRP
do you know what he's feeding him ?,feed,feeding,VBG,him,what,PRP,WP
i wanna ask you something laura .,ask,ask,VB,something,you,NN,PRP
she's showing you laura .,show,showing,VBG,laura,you,NNP,PRP
i made my mother a couple of sweaters .,make,made,VBD,couple,mother,NN,NN
who do you think is giving him a cookie ?,give,giving,VBG,cookie,him,NN,PRP
well i'll give you a quarter .,give,give,VB,quarter,you,NN,PRP
gave him a ride .,give,gave,VBD,ride,him,NN,PRP
i can't throw you honey .,throw,throw,VB,honey,you,NN,PRP
i found your this green guy too .,find,found,VBD,guy,your,NN,PRP$
would you give her a real hard spanking ?,give,give,VB,spanking,her,NN,PRP
what do you call girls ?,call,call,VB,girls,what,NNS,WP
show manuela that scary face .,show,show,VB,face,manuela,NN,NNP
oh can you hand me that one .,hand,hand,VB,one,me,NN,PRP
i'll give you two .,give,give,VB,two,you,CD,PRP
can you give me a hug an a kiss ?,give,give,VB,hug,me,NN,PRP
give me the kittie cat .,give,give,VB,cat,me,NN,PRP
travis but she gived you the one that she had .,give,gived,VBD,one,you,NN,PRP
remember the hat that harvey made you ?,make,made,VBD,you,that,PRP,WDT
if she was you could give it a food birthday present .,give,give,VB,present,it,NN,PRP
gonna give her give her ice cream ?,give,give,VB,cream,her,NN,PRP
you know i gave both girls a lot of scrambled eggs this morning .,give,gave,VBD,lot,girls,NN,NNS
zoe's mommy and daddy made her a nice lunch after her busy day .,make,made,VBD,lunch,her,NN,PRP
give her lemonade .,give,give,VB,lemonade,her,NN,PRP
that's the bank that's the drive through window at the bank that gives you money .,give,gives,VBZ,money,you,NN,PRP
mommy will give you a ribbon tomorrow .,give,give,VB,ribbon,you,NN,PRP
give me the elastic .,give,give,VB,elastic,me,NN,PRP
okay i'm gonna give grandpa a face with two eyes and a nose and a big smile like that ?,give,give,VB,face,grandpa,NN,NNP
show me the toys .,show,show,VB,toys,me,NNS,PRP
what are you gonna give me ?,give,give,VB,me,what,PRP,WP
i'll give you a hint it starts with a w ?,give,give,VB,hint,you,NN,PRP
with a nick nack paddy whack give a dog a bone .,give,give,VB,bone,dog,NN,NN
you like orange and green yes that's right see what did what did i say about that green light ?,say,say,VB,what,orange,WP,JJ
what did mommy tell you ?,tell,tell,VB,you,what,PRP,WP
oh you wanna give me a ride ?,give,give,VB,ride,me,NN,PRP
should i give my toe toe cream every day .,give,give,VB,cream,toe,NN,NN
so he'll give you some money ?,give,give,VB,money,you,NN,PRP
i'm gonna give it a tongue .,give,give,VB,tongue,it,NN,PRP
betta gave you the picture of the horse .,give,gave,VBD,picture,you,NN,PRP
let's bring her some juice ?,bring,bring,VB,juice,her,NN,PRP
what do you want red though ?,want,want,VB,red,what,NN,WP
daddy's gonna read you a story .,read,read,VB,story,you,NN,PRP
absolutely what does he drive her .,drive,drive,VB,her,what,PRP,WP
bringing you more smoothie .,bring,bringing,VBG,smoothie,you,NN,PRP
and he came back down and he said to me he said mommy he says andy's still sleeping he said but i'll make sure to tell him that i gave him a kiss this morning .,give,gave,VBD,kiss,him,NN,PRP
yeah i i wanna give you more juice william what'd you do with your cup ?,give,give,VB,juice,you,NN,PRP
that's what she told us right ?,tell,told,VBD,us,what,PRP,WP
you wan you wanna pass me the ball .,pass,pass,VB,ball,me,NN,PRP
give it a try ?,give,give,VB,try,it,NN,PRP
yeah i think that means that you wanna give sally a bath too .,give,give,VB,bath,sally,NN,NNP
you drink that up and then i'll give you more after that .,give,give,VB,more,you,JJR,PRP
do you wanna show manuela honey ?,show,show,VB,honey,manuela,NN,NNP
arthur's paying me rent and he owes me a dollar .,pay,paying,VBG,rent,me,NN,PRP
you owe me one penny ?,owe,owe,VBP,penny,me,NN,PRP
throw me a pass !,throw,throw,VB,pass,me,NN,PRP
you give me yours and i'll give you mine .,give,give,VBP,yours,me,PRP,PRP
let's see what can we tell manuela .,tell,tell,VB,manuela,what,NNP,WP
mm what did duck give him .,give,give,VB,him,what,PRP,WP
and she's giving him a hug .,give,giving,VBG,hug,him,NN,PRP
what was in the wagon that she gave you ?,give,gave,VBD,you,that,PRP,WDT
read me a story .,read,read,VB,story,me,NN,PRP
oh and she this must be the lady that gives them ice cream .,give,gives,VBZ,cream,them,NN,PRP
oh did they bring you a present abe .,bring,bring,VB,present,you,NN,PRP
she's asking you a question .,ask,asking,VBG,question,you,NN,PRP
please give me two crackers .,give,give,VB,crackers,me,NNS,PRP
he brought you a bottle because you were sick ?,bring,brought,VBD,bottle,you,NN,PRP
did you give it your best effort asked his mother ?,give,give,VB,effort,it,NN,PRP
who brought you a bottle ?,bring,brought,VBD,bottle,you,NN,PRP
oh you gave me sugar ?,give,gave,VBD,sugar,me,NN,PRP
can we get jennifer um can we give her this ?,give,give,VB,this,her,DT,PRP
the dinosaur was out of breath teach him tricks said the children .,teach,teach,VB,tricks,him,NNS,PRP
yes i'm gonna give you some of that too .,give,give,VB,some,you,DT,PRP
okay let's find you a number six laundry !,find,find,VB,laundry,you,NN,PRP
what do you want just the bread bread part ?,want,want,VB,part,what,NN,WP
let's put them all together first and then i'll give you some and i'll take some .,give,give,VB,some,you,DT,PRP
let's give her a few .,give,give,VB,few,her,JJ,PRP
let me give you a hand .,give,give,VB,hand,you,NN,PRP
no he's not giving her a shot .,give,giving,VBG,shot,her,NN,PRP
no what did i teach you .,teach,teach,VB,you,what,PRP,WP
i'll give you a spanking ?,give,give,VB,spanking,you,NN,PRP
i'll give him mine .,give,give,VB,mine,him,PRP,PRP
i'll give you some apple sauce first .,give,give,VB,sauce,you,NN,PRP
if i see you with matches i'll give you a spanking ?,give,give,VB,you,you,PRP,PRP
first the man in the store showed kiki the small violin .,show,showed,VBD,violin,kiki,NN,NNP
i gave you some cabbage there on your plate do you see it .,give,gave,VBD,cabbage,you,NN,PRP
did you show daddy your new animals abe ?,show,show,VB,animals,daddy,NNS,NNP
that that gives it a head .,give,gives,VBZ,head,it,NN,PRP
that will give you an even spread of tape .,give,give,VB,spread,you,NN,PRP
and what did they show you beasey ?,show,show,VB,you,what,PRP,WP
oh you gave her breakfast once .,give,gave,VBD,breakfast,her,NN,PRP
give me the strong man .,give,give,VB,man,me,NN,PRP
do you wanna show manuela your trains honey ?,show,show,VB,trains,manuela,NNS,NNP
didn't santa claus give you a candy at the store ?,give,give,VB,candy,you,NN,PRP
hey it's me um just give me a call when you get a chance bye .,give,give,VB,call,me,NN,PRP
oh you gonna give me some .,give,give,VB,some,me,DT,PRP
should we give him a name .,give,give,VB,name,him,NN,PRP
i'll grant you that .,grant,grant,VB,that,you,DT,PRP
you want ta give me my pen while you look for another one ?,give,give,VB,pen,me,NN,PRP
oh are you gonna give him a shampoo ?,give,give,VB,shampoo,him,NN,PRP
i can give you some rice if i can find some william you can dig it up .,give,give,VB,rice,you,NN,PRP
you threw the catalogue that gammy gave me away .,give,gave,VBD,me,that,PRP,WDT
i gave you my .,give,gave,VBD,my,you,PRP$,PRP
give me the fork ?,give,give,VB,fork,me,NN,PRP
show her your eye .,show,show,VB,eye,her,NN,PRP
did you give him a hamburger too ?,give,give,VB,hamburger,him,NN,PRP
give him a shave .,give,give,VB,shave,him,NN,PRP
okay i'll write you a snow man with your crayons .,write,write,VB,man,you,NN,PRP
what'd i tell you ?,tell,tell,VB,you,what,PRP,WP
we're gonna make we're gonna tell it a story and then later we can listen to it after it makes a tape of us .,tell,tell,VB,story,it,NN,PRP
some pigs what's the piggy say ?,say,say,VB,what,pigs,WP,NNS
hand me that hat .,hand,hand,VB,hat,me,NN,PRP
i will give you one of these .,give,give,VB,one,you,CD,PRP
sing it a song .,sing,sing,VB,song,it,NN,PRP
come here show me these letter again ?,show,show,VB,letter,me,NN,PRP
may i see the doggie that maggie gave you .,give,gave,VBD,you,that,PRP,WDT
yeah read me this one that has the sheep on it ?,read,read,VB,one,me,NN,PRP
here let's give rachi some .,give,give,VB,some,rachi,DT,NNP
violet you're driving me a little bananas right .,drive,driving,VBG,bananas,me,NNS,PRP
i was wondering if you could tell her the really funny story about what happened with you at the river .,tell,tell,VB,story,her,NN,PRP
show me your arabesque .,show,show,VB,arabesque,me,JJ,PRP
danielle and debbie and did danielle send you a letter .,send,send,VB,letter,you,NN,PRP
here tell me tell me a little bit about this book and then you can play with your teletubbies ?,tell,tell,VB,bit,me,NN,PRP
with back strong and wide he will give us a very safe ride .,give,give,VB,ride,us,NN,PRP
bye buddy give me a kiss ?,give,give,VB,kiss,me,NN,PRP
you must give me the rest .,give,give,VB,rest,me,NN,PRP
show me a penny can you .,show,show,VB,penny,me,NN,PRP
that's what you're telling me .,tell,telling,VBG,me,what,PRP,WP
we wish you a merry christmas .,wish,wish,VBP,christmas,you,NNP,PRP
aha i'm looking to see who sent us cards last christmas ?,send,sent,VBD,cards,us,NNS,PRP
what do people give you ?,give,give,VB,you,what,PRP,WP
she's showing you some alligators .,show,showing,VBG,alligators,you,NNS,PRP
find me a vegetable .,find,find,VB,vegetable,me,NN,PRP
give me a little one .,give,give,VB,one,me,NN,PRP
can i give you a kiss .,give,give,VB,kiss,you,NN,PRP
come here a minute let me show you something .,show,show,VB,something,you,NN,PRP
giving me more yeah thank you .,give,giving,VBG,more,me,JJR,PRP
give me my two back .,give,give,VB,two,me,CD,PRP
can you give him a shave ?,give,give,VB,shave,him,NN,PRP
remember at the star market they give you a little ticket ?,give,give,VBP,ticket,you,NN,PRP
can you show me the flower ?,show,show,VB,flower,me,NN,PRP
well i'll bring you some ?,bring,bring,VB,some,you,DT,PRP
and what did she show you !,show,show,VB,you,what,PRP,WP
what did she tell you ?,tell,tell,VB,you,what,PRP,WP
give me that ball .,give,give,VB,ball,me,NN,PRP
who's gonna give you a hair cut ?,give,give,VB,cut,you,NN,PRP
okay tell her the whole story what happened .,tell,tell,VB,story,her,NN,PRP
give me a dollar bill please .,give,give,VB,bill,me,NN,PRP
well done said the lady handing him a ticket .,hand,handing,VBG,ticket,him,NN,PRP
i'm gonna give you the grapes over here ?,give,give,VB,grapes,you,NNS,PRP
did linda bring you a puppet .,bring,bring,VB,puppet,you,NN,PRP
you gave daddy a lucky nut ?,give,gave,VBD,nut,daddy,NN,NNP
i brought you a present .,bring,brought,VBD,present,you,NN,PRP
tell me more about matches ?,tell,tell,VB,more,me,JJR,PRP
he gives him a hug and yes the car is on the snow .,give,gives,VBZ,hug,him,NN,PRP
arthur gave kate a ride in a little fire truck .,give,gave,VBD,ride,kate,NN,NNP
well let me ask you a question .,ask,ask,VB,question,you,NN,PRP
sheep can you give me some wool .,give,give,VB,wool,me,NN,PRP
throw me the football .,throw,throw,VB,football,me,NN,PRP
want ta give the horse some gas ?,give,give,VB,gas,horse,NN,NN
mrs wood sure gives you a lot of things .,give,gives,VBZ,lot,you,NN,PRP
and let's see if you can tell us the story ?,tell,tell,VB,story,us,NN,PRP
gives her a night night kiss .,give,gives,VBZ,kiss,her,NN,PRP
can you give me a hair cut ?,give,give,VB,cut,me,NN,PRP
show you your name .,show,show,VB,name,you,NN,PRP
you read me a story .,read,read,VBD,story,me,NN,PRP
you could give him some medicine .,give,give,VB,medicine,him,NN,PRP
why don't you get out and give humpty dumpty a ride .,give,give,VB,ride,dumpty,NN,NNP
who brought you these ?,bring,brought,VBD,these,you,DT,PRP
you just gonna leave them a big mess ?,leave,leave,VB,mess,them,NN,PRP
let megan read me the story .,read,read,VB,story,me,NN,PRP
you going give me fifty dollars ?,give,give,VB,dollars,me,NNS,PRP
well maybe we'll give her lunch before he goes away because she's hungry ?,give,give,VB,lunch,her,NN,PRP
okay i'll give you some money .,give,give,VB,money,you,NN,PRP
how about this will you sell me this for the bed ?,sell,sell,VB,this,me,DT,PRP
do you wanna read me a story ?,read,read,VB,story,me,NN,PRP
yeah she gave you some people .,give,gave,VBD,people,you,NNS,PRP
i'm gonna give you the purple glue stick ?,give,give,VB,stick,you,NN,PRP
alright you wanna come read me the story again .,read,read,VB,story,me,NN,PRP
i'm gonna walk home without paying do you wanna charge me some money here ?,charge,charge,VB,money,me,NN,PRP
alright now you gave me back my change .,give,gave,VBD,change,me,NN,PRP
are you giving mike a birthday party ?,give,giving,VBG,party,mike,NN,NNP
what did i give you ?,give,give,VB,you,what,PRP,WP
will you bring mommy that big box down .,bring,bring,VB,box,mommy,NN,NN
you can give him one piece .,give,give,VB,piece,him,NN,PRP
let me ask you something .,ask,ask,VB,something,you,NN,PRP
did you show daddy the followthedots we made yesterday ?,show,show,VB,followthedots,daddy,NNS,NNP
book okay throw me the ball ?,throw,throw,VB,ball,me,NN,PRP
what else does he give em ?,give,give,VB,em,what,PRP,WP
you tell me the story of goldilocks and the three bears ?,tell,tell,VB,story,me,NN,PRP
so did i tell you manuela .,tell,tell,VB,manuela,you,NNP,PRP
when i come back are you gonna tell me something great about bugs ?,tell,tell,VB,something,me,NN,PRP
read me the book .,read,read,VB,book,me,NN,PRP
adam can you say this throw the big ball you .,say,say,VB,ball,this,NN,DT
if i give you two more how many do you think you will you have ?,give,give,VBP,two,you,CD,PRP
did maggie give you this book .,give,give,VB,book,you,NN,PRP
oh did you already give her her breakfast .,give,give,VB,breakfast,her,NN,PRP
okay read me the story ?,read,read,VB,story,me,NN,PRP
let us see what else did you tell me you were doing .,tell,tell,VB,me,what,PRP,WP
why don't you go give mom that horn okay ?,give,give,VB,horn,mom,NN,NN
no i don't want one nomi thank you ?,want,want,VB,nomi,one,NN,CD
look at that lynn gave you some money .,give,gave,VBD,money,you,NN,PRP
how about making me some juice out of it ?,make,making,VBG,juice,me,NN,PRP
can you find a huh huh huh huh huh could you a rectangle ?,find,find,VB,rectangle,huh,NN,UH
i bet that santa claus will bring you some more .,bring,bring,VB,more,you,JJR,PRP
w tell me this .,tell,tell,VB,this,me,DT,PRP
he gave you those ?,give,gave,VBD,those,you,DT,PRP
i found helmets on them helmets .,find,found,VBD,helmets,helmets,NNS,NNS
i wanna give you a hug .,give,give,VB,hug,you,NN,PRP
oh this one's gonna give that one some wings .,give,give,VB,wings,one,NNS,NN
you have to be a good girl if you're not a good girl santa claus doesn't bring you anything .,bring,bring,VB,anything,you,NN,PRP
can you tell me more about christmas day what we did ?,tell,tell,VB,more,me,JJR,PRP
give me my little pen ?,give,give,VB,pen,me,NN,PRP
you sing me a song .,sing,sing,VBP,song,me,NN,PRP
who gave you chocolate cake ?,give,gave,VBD,cake,you,NN,PRP
thank you for lo lending me this food .,lend,lending,VBG,food,me,NN,PRP
show me your feathers .,show,show,VB,feathers,me,NNS,PRP
give me that ball ?,give,give,VB,ball,me,NN,PRP
sometimes she gives you something else .,give,gives,VBZ,something,you,NN,PRP
now shall we give her some medicine .,give,give,VB,medicine,her,NN,PRP
come on let me give you a kiss on the face ?,give,give,VB,kiss,you,NN,PRP
i'll give you two but can you smell them .,give,give,VB,two,you,CD,PRP
maybe you wanna feed her a little juice or milk .,feed,feed,VB,juice,her,NN,PRP
tell tell carey our cats' names .,tell,tell,VB,names,carey,NNS,NNP
okay she's gonna give you the numbers .,give,give,VB,numbers,you,NNS,PRP
tell me you name .,tell,tell,VB,name,me,NN,PRP
show her your new tablecloth .,show,show,VB,tablecloth,her,NN,PRP
do you think you really give him a headache ?,give,give,VBP,headache,him,NN,PRP
so we're gonna give you some food .,give,give,VB,food,you,NN,PRP
should we teach you this one ?,teach,teach,VB,one,you,NN,PRP
i done told you that ?,tell,told,VBD,that,you,DT,PRP
oh sometimes we feed them lettuce .,feed,feed,VBP,lettuce,them,NN,PRP
let's give her all of that stuff .,give,give,VB,her,'s,PRP,PRP
can you show me the butter fly ?,show,show,VB,fly,me,NN,PRP
please tell me just a little more and i promise you can go home and eat grilled cheese .,tell,tell,VB,more,me,JJR,PRP
oh throw it oop over your head .,throw,throw,VB,oop,it,NN,PRP
when remember what day i told you it was ?,tell,told,VBD,you,day,PRP,NN
why don't you tell us the one thing you did at the big red house all the time .,tell,tell,VB,thing,us,NN,PRP
oh you only gave me a little bit .,give,gave,VBD,bit,me,NN,PRP
what did you bring her ?,bring,bring,VB,her,what,PRP,WP
okay oh boy abe gave me a kiss .,give,gave,VBD,kiss,me,NN,PRP
roman can you tell karen more about our weekend where did we go .,tell,tell,VB,more,karen,JJR,NNP
the baker what's he making .,make,making,VBG,what,baker,WP,NN
and give him a ticket .,give,give,VB,ticket,him,NN,PRP
what kinda hamburger did you give him ?,give,give,VB,him,hamburger,PRP,NN
do you wanna leave this here this one ?,leave,leave,VB,one,this,NN,DT
that gives me a headache .,give,gives,VBZ,headache,me,NN,PRP
he gave us all this stuff .,give,gave,VBD,stuff,us,NN,PRP
oh let's give piggie some water .,give,give,VB,water,piggie,NN,NNP
we better leave him a message at work ?,leave,leave,VB,message,him,NN,PRP
what shall i give you ?,give,give,VB,you,what,PRP,WP
i'll sleep but you better read me a nice story ?,read,read,VB,story,me,NN,PRP
give her some food .,give,give,VB,food,her,NN,PRP
tell daddy you dust ?,tell,tell,VB,you,daddy,PRP,NN
here i'll give her a little bowl ?,give,give,VB,bowl,her,NN,PRP
well then give me the book .,give,give,VB,book,me,NN,PRP
can you show me the nose ?,show,show,VB,nose,me,NN,PRP
give me the other one .,give,give,VB,one,me,NN,PRP
laura give me the envelope sweetie .,give,give,VB,envelope,me,NN,PRP
you eat that up and then i'll give you a piece .,give,give,VB,piece,you,NN,PRP
give me my baby one ?,give,give,VB,one,me,NN,PRP
or get some men or get a book get a book and gigi will read you a story come on .,read,read,VB,story,you,NN,PRP
would you give me a bath ?,give,give,VB,bath,me,NN,PRP
or do you wanna give them crayons ?,give,give,VB,crayons,them,NNS,PRP
show daddy the letter .,show,show,VB,letter,daddy,NN,NN
she's taking a lot a paper from you .,take,taking,VBG,paper,lot,NN,NN
yeah and then so what'd the lady give you with the horse ?,give,give,VB,you,what,PRP,WP
you gonna give me a kiss .,give,give,VB,kiss,me,NN,PRP
and then what did he ask mr bear ?,ask,ask,VB,bear,what,NNP,WP
i'm asking you a question ?,ask,asking,VBG,question,you,NN,PRP
well i want to play the buying game but i was wondering if you could tell leslie a really funny story about what happened this weekend at the river .,tell,tell,VB,story,leslie,NN,NNP
okay read me a story .,read,read,VB,story,me,NN,PRP
give me that box ?,give,give,VB,box,me,NN,PRP
what did they give you ?,give,give,VB,you,what,PRP,WP
here let's give wags a pillow .,give,give,VB,pillow,wags,NN,NNS
alright i'll read you the book now .,read,read,VB,book,you,NN,PRP
well give me the little one .,give,give,VB,one,me,NN,PRP
put 'em in here and then give mommy the dirt ?,give,give,VB,dirt,mommy,NN,NN
captain feather sword captain feather sword doesn't have any decorations let's give him some more .,give,give,VB,more,him,JJR,PRP
what are you showing her adam ?,show,showing,VBG,her,what,PRP,WP
tell jim the colors of the balloons .,tell,tell,VB,colors,jim,NNS,NNP
so michelle wrote me a note and said that you played with .,write,wrote,VBD,note,me,NN,PRP
we'll charge you hm fifty cents for that .,charge,charge,VB,hm,you,UH,PRP
what i want you ?,want,want,VBP,you,what,PRP,WP
can i give you a hint .,give,give,VB,hint,you,NN,PRP
what did you tell them ?,tell,tell,VB,them,what,PRP,WP
gonna tell me more about benjamin ?,tell,tell,VB,more,me,JJR,PRP
did you show ursula your name embroidered on your sunsuit ?,show,show,VB,name,ursula,NN,NNP
what kind of picture were they giving you ross ?,give,giving,VBG,you,kind,PRP,NN
well i i would suggest you try to keep it keep it nice and quiet and maybe read it a book or something .,read,read,VB,book,it,NN,PRP
yeah give me the yellow one .,give,give,VB,one,me,NN,PRP
gives it the power since the light goes on and it .,give,gives,VBZ,power,it,NN,PRP
maybe you should feed your dollies breakfast too .,feed,feed,VB,breakfast,dollies,NN,NNS
what did uncle ryan give you for a present ?,give,give,VB,you,what,PRP,WP
how much are you gonna charge me for this ?,charge,charge,VB,me,much,PRP,JJ
it might give him a tummy ache but there's nothing in it that's really really bad for you ?,give,give,VB,ache,him,NN,PRP
mcdonald gave you that ?,give,gave,VBD,that,you,DT,PRP
shall i give you a piece .,give,give,VB,piece,you,NN,PRP
i gave you big kisses because .,give,gave,VBD,kisses,you,NNS,PRP
well you give me the scissors and i'll let paul cut some .,give,give,VBP,scissors,me,NNS,PRP
okay what chair you tell mommy ?,tell,tell,VBP,mommy,chair,NN,NN
sing her a song ?,sing,sing,VB,song,her,NN,PRP
i found daddy's really nice gloves that i think i gave daddy last year or the year before just now .,give,gave,VBD,daddy,that,NNP,WDT
give him a hug ?,give,give,VB,hug,him,NN,PRP
let's i show you what it looked like ?,show,show,VB,you,'s,PRP,XX
here give me both of them so they could be in .,give,give,VB,both,me,DT,PRP
just give me a call um eight six four three six five seven .,give,give,VB,call,me,NN,PRP
okay can i give you a little help ?,give,give,VB,help,you,NN,PRP
give me that .,give,give,VB,that,me,DT,PRP
and she's telling them something .,tell,telling,VBG,something,them,NN,PRP
but you were gonna tell me a story i wanna hear it i wanna hear it .,tell,tell,VB,story,me,NN,PRP
will you tell me more about what we did yesterday ?,tell,tell,VB,more,me,JJR,PRP
who's jordan tell carey about jordan ?,tell,tell,VB,carey,who,NNP,WP
you ask him that when he comes ?,ask,ask,VBP,that,him,DT,PRP
i'll give you all squares .,give,give,VB,squares,you,NNS,PRP
did you show manuela that face !,show,show,VB,face,manuela,NN,NNP
so can you tell me anything about these pictures .,tell,tell,VB,anything,me,NN,PRP
okay i'll give you two dollars ?,give,give,VB,dollars,you,NNS,PRP
and i said to daddy oh no what are we teaching her .,teach,teaching,VBG,her,what,PRP,WP
well why did they bring you that surprise .,bring,bring,VB,surprise,you,NN,PRP
what is she bringing them ?,bring,bringing,VBG,them,what,PRP,WP
oh you're gonna give him a hug .,give,give,VB,hug,him,NN,PRP
i'll show you other pictures here ?,show,show,VB,pictures,you,NNS,PRP
i'll tell you wh .,tell,tell,VB,wh,you,WP,PRP
tells you the time .,tell,tells,VBZ,time,you,NN,PRP
why don't you give him a bath ?,give,give,VB,bath,him,NN,PRP
okay why don't you crawl in your bed and i'll give you some ginger ale ?,give,give,VB,ale,you,NN,PRP
how much money do i owe you ?,owe,owe,VB,you,money,PRP,NN
come over here and i'll give you a prize .,give,give,VB,prize,you,NN,PRP
i'll give him my brussels sprouts .,give,give,VB,sprouts,him,NNS,PRP
okay give me your water pistol .,give,give,VB,pistol,me,NN,PRP
alright let's see what we'll charge you now .,charge,charge,VB,you,what,PRP,WP
why don't you bring me the pocketbook and i'll find it .,bring,bring,VB,pocketbook,me,NN,PRP
jeanne gave you a coloring book ?,give,gave,VBD,book,you,NN,PRP
sally give me that .,give,give,VB,that,me,DT,PRP
no i don't see the lion but i'll show you something else we can do .,show,show,VB,something,you,NN,PRP
okay right now sandy's going to be coming out from behind here and asking charlie some questions .,ask,asking,VBG,questions,charlie,NNS,NNP
who gave you those ?,give,gave,VBD,those,you,DT,PRP
give mommy one .,give,give,VB,one,mommy,CD,NN
sometimes she gives you apple juice ?,give,gives,VBZ,juice,you,NN,PRP
what do you tell kalie ?,tell,tell,VB,kalie,what,NNP,WP
give this a squeeze down .,give,give,VB,squeeze,this,NN,DT
do you remember who sent you this valentine ?,send,sent,VBD,valentine,you,NN,PRP
shall we give it one ?,give,give,VB,one,it,NN,PRP
he's not giving her a shot .,give,giving,VBG,shot,her,NN,PRP
give me that other little one .,give,give,VB,one,me,NN,PRP
bring me all the barrels bring me all the barrels .,bring,bring,VB,barrels,me,NNS,PRP
baby sharks can you show me the baby sharks .,show,show,VB,sharks,me,NNS,PRP
oh you'll give the horse indigestion ?,give,give,VB,indigestion,horse,NN,NN
and i'll read you another book .,read,read,VB,book,you,NN,PRP
yeah i'm gonna give you tomato sauce also ?,give,give,VB,sauce,you,NN,PRP
okay i'll write you a lady on there .,write,write,VB,lady,you,NN,PRP
give me your gum ?,give,give,VB,gum,me,NN,PRP
well tell him one more cowboy and you go in my pocket ?,tell,tell,VB,cowboy,him,NN,PRP
mama sally don't give me none .,give,give,VB,none,me,NN,PRP
travis needs a can you give travis a mama for his horses .,give,give,VBP,mama,travis,NN,NNP
you would read them the truck book !,read,read,VB,book,them,NN,PRP
who brought you the book ?,bring,brought,VBD,book,you,NN,PRP
should we feed him some pompoms .,feed,feed,VB,pompoms,him,NNS,PRP
can you throw me the ball ?,throw,throw,VB,ball,me,NN,PRP
bring that in here at the little table with me and i'll give you a pencil okay .,give,give,VB,pencil,you,NN,PRP
so that's nice so do i just go to the house and say give me some candy ?,give,give,VB,candy,me,NN,PRP
bring me the tape .,bring,bring,VB,tape,me,NN,PRP
but what did the fairy godmother tell her .,tell,tell,VB,her,what,PRP,WP
oh does jillian give the doggie a bath ?,give,give,VB,bath,doggie,NN,NN
oh i wanna give you the pictures .,give,give,VB,pictures,you,NNS,PRP
tell us more .,tell,tell,VB,more,us,JJR,PRP
can i give you a little kiss on your neck ?,give,give,VB,kiss,you,NN,PRP
can you give me your brush ?,give,give,VB,brush,me,NN,PRP
did you show linda your chair !,show,show,VB,chair,linda,NN,NNP
you could give me a shot .,give,give,VB,shot,me,NN,PRP
i give her fish ?,give,give,VBP,fish,her,NN,PRP
will you read me this book .,read,read,VB,book,me,NN,PRP
well give me your bread .,give,give,VB,bread,me,NN,PRP
dear puddle i love family reunions great great aunt peg is one hundred years old today wait until you see what she gave me your friend toot p s i'll be home for christmas .,give,gave,VBD,me,what,PRP,WP
he just fed the animals some water ?,feed,fed,VBD,water,animals,NN,NNS
show daddy the letter that you got ?,show,show,VB,letter,daddy,NN,NN
why do you think he's giving him some water .,give,giving,VBG,water,him,NN,PRP
oh are you gonna read them another book .,read,read,VB,book,them,NN,PRP
do you know what you call that ?,call,call,VBP,that,what,DT,WP
she sent you a big card a few days ago .,send,sent,VBD,card,you,NN,PRP
well you took a quarter and a dime you gave me a penny .,give,gave,VBD,me,quarter,PRP,NN
what song can you sing her ?,sing,sing,VB,her,song,PRP,NN
what is he feeding him ?,feed,feeding,VBG,him,what,PRP,WP
nobody gives you a headache because you're a happy boy .,give,gives,VBZ,headache,you,NN,PRP
can you say drives the man busy bulldozer ?,drive,drives,VBZ,bulldozer,man,NN,NN
give me my little horse back no .,give,give,VB,horse,me,NN,PRP
alex what did mommy tell you .,tell,tell,VB,you,what,PRP,WP
here i'll give you a glass of milk .,give,give,VB,glass,you,NN,PRP
and he gave the men a friendly wave as he unloaded his baskets .,give,gave,VBD,wave,men,NN,NNS
okay give me another one mama ?,give,give,VB,one,me,NN,PRP
okay give me a small one .,give,give,VB,one,me,NN,PRP
sing me a song ?,sing,sing,VB,song,me,NN,PRP
as soon as you finish that one i'll give you another one ?,give,give,VB,you,one,PRP,NN
how come mommy didn't give him breakfast ?,give,give,VB,breakfast,him,NN,PRP
who gave you that squirrel ?,give,gave,VBD,squirrel,you,NN,PRP
well he kept taking little pieces of cake right and then i kept giving you some more and more and more .,give,giving,VBG,more,you,JJR,PRP
i think granny gave you these .,give,gave,VBD,these,you,DT,PRP
yeah and give you cavities .,give,give,VB,cavities,you,NNS,PRP
she's gonna give them some ice cream .,give,give,VB,cream,them,NN,PRP
who's reading him a story ?,read,reading,VBG,story,him,NN,PRP
alright william you know what i'll tell you what why don't you play by yourself .,tell,tell,VB,you,what,PRP,WP
you give me the bread .,give,give,VBP,bread,me,NN,PRP
who brought you the apple juice ?,bring,brought,VBD,juice,you,NN,PRP
and how about tegama will you give tegama a raisin .,give,give,VB,raisin,tegama,NN,NNP
grandma says i hope you have given him a hug and a kiss and called the doctor ?,give,given,VBN,hug,him,NN,PRP
give it a speech .,give,give,VB,speech,it,NN,PRP
daddy only gave me a tiny bit of wheatos .,give,gave,VBD,bit,me,NN,PRP
hello is this the person that sold me the dinosaurs ?,sell,sold,VBD,dinosaurs,me,NNS,PRP
emily i think if you stop crying and control yourself daddy might read you a very short book .,read,read,VB,you,yourself,PRP,PRP
i'll give you a hint ?,give,give,VB,hint,you,NN,PRP
what does the turkey say brittany ?,say,say,VB,brittany,what,NNP,WP
so why don't you give me a call when you get back and we can make some plans .,give,give,VB,call,me,NN,PRP
are you going to keep reading me the story then ?,read,reading,VBG,story,me,NN,PRP
give me your cup ?,give,give,VB,cup,me,NN,PRP
well let me show you the candy first .,show,show,VB,candy,you,NN,PRP
laura's gonna ask mummy the questions .,ask,ask,VB,questions,mummy,NNS,NNP
what did i give you the other day with your sandwich ?,give,give,VB,you,what,PRP,WP
did you show her your snoopy .,show,show,VB,snoopy,her,NN,PRP
okay i'm reading you the book .,read,reading,VBG,book,you,NN,PRP
look you spilled all the things now what did you want honey this little book .,want,want,VB,what,things,WP,NNS
now you give me that ?,give,give,VBP,that,me,DT,PRP
tell me the names of all the groups .,tell,tell,VB,names,me,NNS,PRP
are you gonna you gonna tell yourself story why don't you read it to sleepy .,tell,tell,VB,story,yourself,NN,PRP
why don't you show melissa baby boo ?,show,show,VB,boo,melissa,NNP,NNP
tell us more about what's happening in this sad picture ?,tell,tell,VB,more,us,JJR,PRP
nina why don't you show linda some of your toys .,show,show,VB,some,linda,DT,NNP
sally give me that red one .,give,give,VB,one,me,NN,PRP
here i'll get down so you can give me a shampoo .,give,give,VB,shampoo,me,NN,PRP
who told you that sweetie ?,tell,told,VBD,that,you,DT,PRP
jenell asked you a question you should answer that ?,ask,asked,VBD,question,you,NN,PRP
does mummy give you vitamins ?,give,give,VB,vitamins,you,NNS,PRP
laura gave laura a penny .,give,gave,VBD,penny,laura,NN,NNP
who sent you this valentine ?,send,sent,VBD,valentine,you,NN,PRP
oh i'll tell her that .,tell,tell,VB,that,her,DT,PRP
we saw a i don't know what you call it a special kind of truck for beaches .,call,call,VBP,it,what,PRP,WP
what did you tell agra ?,tell,tell,VB,agra,what,NNP,WP
i gave you quite a lot of salt .,give,gave,VBD,lot,you,NN,PRP
you don't give your kid candy ?,give,give,VB,candy,kid,NN,NN
i'm gonna give you this big muffin tin .,give,give,VB,tin,you,NN,PRP
she's giving you one .,give,giving,VBG,one,you,NN,PRP
hand me the little dinosaur bag and let me fold it up and put it back in here so it won't get tore up ?,hand,hand,VB,bag,me,NN,PRP
tell dad your joke .,tell,tell,VB,joke,dad,NN,NN
can you tell me a story about them ?,tell,tell,VB,story,me,NN,PRP
you sit on your table and i'll give you a piece .,give,give,VB,piece,you,NN,PRP
you'll give him a big boo boo ?,give,give,VB,boo,him,NN,PRP
and you wanna give her a ride .,give,give,VB,ride,her,NN,PRP
oh come on tell me your telephone number .,tell,tell,VB,number,me,NN,PRP
i'll give him a teeshirt .,give,give,VB,teeshirt,him,NN,PRP
will you show me this new toy ?,show,show,VB,toy,me,NN,PRP
neresh gave you those ?,give,gave,VBD,those,you,DT,PRP
alright melissa throw me the ball .,throw,throw,VB,ball,me,NN,PRP
she's the one who gave you the new toothbrush ?,give,gave,VBD,toothbrush,you,NN,PRP
what kind okay will you give me one please ?,give,give,VB,one,me,NN,PRP
where's the card that maggie gave you for halloween ?,give,gave,VBD,you,that,PRP,WDT
you were telling me a story .,tell,telling,VBG,story,me,NN,PRP
giving me your finger .,give,giving,VBG,finger,me,NN,PRP
she's gonna give you a record player .,give,give,VB,player,you,NN,PRP
you threw this gammy gave me catalogue .,throw,threw,VBD,me,gave,PRP,VBD
let me ask you something ?,ask,ask,VB,something,you,NN,PRP
give you a piece of tape .,give,give,VB,piece,you,NN,PRP
give me those pictures .,give,give,VB,pictures,me,NNS,PRP
okay give me the money ?,give,give,VB,money,me,NN,PRP
i'll give you a bite .,give,give,VB,bite,you,NN,PRP
tell me a story nomi .,tell,tell,VB,story,me,NN,PRP
sit down and do this with us and i'll ask you one and then i'll ask kalie one okay .,ask,ask,VB,one,you,CD,PRP
be careful don't make a mess with it i'll give you a napkin okay ?,give,give,VB,napkin,you,NN,PRP
alright let's go back in and we'll give the bear some medicine .,give,give,VB,medicine,bear,NN,NN
when santa brought you toys ?,bring,brought,VBD,toys,you,NNS,PRP
who gave you this ?,give,gave,VBD,this,you,DT,PRP
let me give you a hint ?,give,give,VB,hint,you,NN,PRP
you gonna sing her a song ?,sing,sing,VB,song,her,NN,PRP
you give me some money and then i'll pay you for it ?,give,give,VBP,money,me,NN,PRP
okay let's go over in over by where that um toy is that chloe gave us ?,give,gave,VBD,us,that,PRP,WDT
yes you're writing too well what what're you writing ?,write,writing,VBG,what,what,WP,WP
she gave you a princess birthday card didn't she .,give,gave,VBD,card,you,NN,PRP
okay i'll give you one pretzel .,give,give,VB,pretzel,you,NN,PRP
better not show him the witch then .,show,show,VB,witch,him,NN,PRP
give me your foot .,give,give,VB,foot,me,NN,PRP
you wouldn't go to sleep till i read you that story ?,read,read,VBD,story,you,NN,PRP
you given me a shampoo ?,give,given,VBN,shampoo,me,NN,PRP
what did maggie give you yesterday when you came back ?,give,give,VB,you,what,PRP,WP
good maybe santa claus can bring you a big wet tongue for christmas that can lick you all the ?,bring,bring,VB,tongue,you,NN,PRP
nonna sent you a valentine too .,send,sent,VBD,valentine,you,NNP,PRP
almost would you bring me my tea .,bring,bring,VB,tea,me,NN,PRP
well you bring me the tape and i'll put some on there .,bring,bring,VB,tape,me,NN,PRP
give me the money ?,give,give,VB,money,me,NN,PRP
can you teach me that song how does it go ?,teach,teach,VB,song,me,NN,PRP
what did you tell agra honey ?,tell,tell,VB,honey,what,NNP,WP
you gave me too much ?,give,gave,VBD,much,me,JJ,PRP
nick nack paddy whack give a dog a bone .,give,give,VB,bone,dog,NN,NN
here's henry here i'll give you one for henry .,give,give,VB,one,you,NN,PRP
and that cars are dangerous she's she's teaching them the same thing she's saying cars and bicycles and other things on wheels are dangerous cause they can bump into you .,teach,teaching,VBG,thing,them,NN,PRP
we had mozzarella and tomatoes last week when manny brought us lots of yummy tomatoes right .,bring,brought,VBD,lots,us,NNS,PRP
which story did he read you ?,read,read,VB,you,story,PRP,NN
show melissa that .,show,show,VB,that,melissa,DT,NNP
who gave you the penny ?,give,gave,VBD,penny,you,NN,PRP
he gave you all that money ?,give,gave,VBD,money,you,NN,PRP
did you tell em anything about school peter ?,tell,tell,VB,anything,em,NN,PRP
show me your knees .,show,show,VB,knees,me,NNS,PRP
oh oh i'm so glad come give me a hug give me a hug ?,give,give,VB,hug,me,NN,PRP
they didn't teach me this in the boy scouts ?,teach,teach,VB,this,me,DT,PRP
yes give pink eddie a kiss !,give,give,VB,kiss,eddie,NN,NNP
show me the other color blocks ?,show,show,VB,blocks,me,NNS,PRP
tell em what you told miss white this morning .,tell,told,VBD,white,what,NNP,WP
with a knick knack paddy whack give a dog a bone .,give,give,VB,bone,dog,NN,NN
you know who sent you this valentine .,send,sent,VBD,valentine,you,NN,PRP
are they gonna eat snack while you read them the story .,read,read,VBP,story,them,NN,PRP
i don't know what you're saying what ?,say,saying,VBG,what,what,WP,WP
that she'll tell me things that i don't even know .,tell,tell,VB,things,me,NNS,PRP
oh i didn't give you another one .,give,give,VB,one,you,NN,PRP
give me cookies ?,give,give,VB,cookies,me,NNS,PRP
and did nana give you your big care bear .,give,give,VB,bear,you,NN,PRP
their names are usually scoop but you wanna give them a different name .,give,give,VB,name,them,NN,PRP
your mommy must teach you those .,teach,teach,VB,those,you,DT,PRP
yeah give me those two and that one .,give,give,VB,two,me,CD,PRP
why did they bring you a present abe .,bring,bring,VB,present,you,NN,PRP
come give me a hair cut .,give,give,VB,cut,me,NN,PRP
i wanna ask you something .,ask,ask,VB,something,you,NN,PRP
um what did you tell daddy about um purim .,tell,tell,VB,daddy,what,NN,WP
didn't i give you a pink .,give,give,VB,pink,you,NN,PRP
okay give me some change .,give,give,VB,change,me,NN,PRP
better give me kiss .,give,give,VB,kiss,me,NN,PRP
she gives us all the eggs we need .,give,gives,VBZ,eggs,us,NNS,PRP
give me my baby .,give,give,VB,baby,me,NN,PRP
show me his tail ?,show,show,VB,tail,me,NN,PRP
you better give him some medicine ?,give,give,VB,medicine,him,NN,PRP
and he let us him throw em everwhere but we don't play that ?,throw,throw,VB,em,us,PRP,PRP
are you going back to your room and show them your toys ?,show,show,VB,toys,them,NNS,PRP
see oh look at that he's giving her a hug see ?,give,giving,VBG,hug,her,NN,PRP
why don't you show me more of your book .,show,show,VB,more,me,JJR,PRP
granny gave us some too .,give,gave,VBD,some,us,DT,PRP
did you give him a shampoo ?,give,give,VB,shampoo,him,NN,PRP
who gave you that cake ?,give,gave,VBD,cake,you,NN,PRP
does your mommy teach you those animal sounds ?,teach,teach,VB,sounds,you,NNS,PRP
what do you want x or zero ?,want,want,VB,x,what,NN,WP
the chick doesn't like long stories i see well maybe you could read it some poetry !,read,read,VB,it,stories,PRP,NNS
and then they gave you little chocolate m and ms .,give,gave,VBD,m,you,NNS,PRP
did you give me a good shampoo .,give,give,VB,shampoo,me,NN,PRP
that i had a piece of paper that i wrote all my .,write,wrote,VBD,my,that,PRP$,WDT
let me show you something kalie .,show,show,VB,something,you,NN,PRP
i will give you some salmon .,give,give,VB,salmon,you,NN,PRP
who did you say showed you a picture of carter and ford ?,show,showed,VBD,picture,you,NN,PRP
what are you giving them for dinner ?,give,giving,VBG,them,what,PRP,WP
what'd he bring you ?,bring,bring,VB,you,what,PRP,WP
what did laura show you when we came ?,show,show,VB,you,what,PRP,WP
show me the airport ?,show,show,VB,airport,me,NN,PRP
what does this cost mr storekeeper ?,cost,cost,VB,storekeeper,what,NNP,WP
she's telling me a story .,tell,telling,VBG,story,me,NN,PRP
and then what was you thing that you keep telling everybody was your very favorite gift ?,tell,telling,VBG,everybody,that,NN,WDT
no we won't go tell her that ?,tell,tell,VB,that,her,DT,PRP
and you're giving them a bath .,give,giving,VBG,bath,them,NN,PRP
could you bring me your card ?,bring,bring,VB,card,me,NN,PRP
what did daddy bring you from the airplane ?,bring,bring,VB,you,what,PRP,WP
that's not what you told me ?,tell,told,VBD,me,what,PRP,WP
alright i'll give you a i'll tell you like this is a square .,give,give,VB,a,you,DT,PRP
what did you ask me ?,ask,ask,VB,me,what,PRP,WP
abe do you want to tell daddy what you told brian today at school .,tell,told,VBD,brian,what,NNP,WP
sally give me some blocks ?,give,give,VB,blocks,me,NNS,PRP
show me a pumpkin .,show,show,VB,pumpkin,me,NN,PRP
i'll read you a story while i'm getting you dressed .,read,read,VB,story,you,NN,PRP
oh you gave wags a pillow for his head what a nice boy .,give,gave,VBD,pillow,wags,NN,NNP
good i'll give you one when they're done .,give,give,VB,one,you,NN,PRP
will you tell me that story ?,tell,tell,VB,story,me,NN,PRP
what did you tell me out in the kitchen what'd you do with erika ?,tell,tell,VB,me,what,PRP,WP
okay let's find you some underpants .,find,find,VB,underpants,you,NNS,PRP
what do you ask her ?,ask,ask,VB,her,what,PRP,WP
what are you gonna pay me ?,pay,pay,VB,me,what,PRP,WP
do you give that teacher a hard time ?,give,give,VB,time,teacher,NN,NN
you gave everybody a bite .,give,gave,VBD,bite,everybody,NN,NN
oh give the bunny a kiss .,give,give,VB,kiss,bunny,NN,NN
who taught you the song ?,teach,taught,VBD,song,you,NN,PRP
here's the deal the reason why i usually give you the other bowl .,give,give,VBP,bowl,you,NN,PRP
can you show me some of the letters what letters are on that box ?,show,show,VB,some,me,DT,PRP
wanna sing me a song on the guitar .,sing,sing,VB,song,me,NN,PRP
how about giving humpty dumpty a ride ?,give,giving,VBG,ride,dumpty,NN,NNP
nonna sent you a little card .,send,sent,VBD,card,you,NN,PRP
do you know what they call that ?,call,call,VBP,that,what,DT,WP
give your animals some tea .,give,give,VB,tea,animals,NN,NNS
adam give him his comb please honey ?,give,give,VB,comb,him,NN,PRP
you gonna read them a book .,read,read,VB,book,them,NN,PRP
tell me something peter .,tell,tell,VB,something,me,NN,PRP
you read me three books .,read,read,VBD,books,me,NNS,PRP
you gave papa an apple didn't you ?,give,gave,VBD,apple,papa,NN,NNP
give me the shampoo .,give,give,VB,shampoo,me,NN,PRP
does doctor hartzell give you shots sometime .,give,give,VB,shots,you,NNS,PRP
and then you'll read me the story that maggie gave you .,read,read,VB,story,me,NN,PRP
he's showing you the flamingos .,show,showing,VBG,flamingos,you,NNS,PRP
he sat on his bike and his mother gave him a push .,give,gave,VBD,push,him,NN,PRP
give me the kleenex .,give,give,VB,kleenex,me,NN,PRP
why don't we give daddy a call .,give,give,VB,call,daddy,NN,NN
wanna give it a try .,give,give,VB,try,it,NN,PRP
what did doctor weist give you for the study ?,give,give,VB,you,what,PRP,WP
and show me a vegetable !,show,show,VB,vegetable,me,NN,PRP
i'll give you a ride ?,give,give,VB,ride,you,NN,PRP
why don't you give me a whole handful !,give,give,VB,handful,me,NN,PRP
you gave him one before .,give,gave,VBD,one,him,NN,PRP
can you tell me the story ?,tell,tell,VB,story,me,NN,PRP
give him a kiss ?,give,give,VB,kiss,him,NN,PRP
santa clause gave us a lot of it .,give,gave,VBD,lot,us,NN,PRP
what do you ask him ?,ask,ask,VB,him,what,PRP,WP
show me the red light .,show,show,VB,light,me,NN,PRP
here give me your finger and i'll give you some ?,give,give,VB,finger,me,NN,PRP
when he was reading you the story ?,read,reading,VBG,story,you,NN,PRP
he handed you the paper cause he wanted the paper even though he said plastic ?,hand,handed,VBD,paper,you,NN,PRP
this is what they gave you for lunch ready ?,give,gave,VBD,you,what,PRP,WP
can i show you something else .,show,show,VB,something,you,NN,PRP
you threw away the catalogue that gammy gave me ?,give,gave,VBD,me,that,PRP,WDT
i'll give you this cup ?,give,give,VB,cup,you,NN,PRP
wait you didn't show edna what mike and mike and edna brought you .,bring,brought,VBD,you,what,PRP,WP
should we make him some food .,make,make,VB,food,him,NN,PRP
you gonna give me one too ?,give,give,VB,one,me,NN,PRP
what do you tell him ?,tell,tell,VB,him,what,PRP,WP
can you give baldy a shampoo ?,give,give,VB,shampoo,baldy,NN,NNP
no give me the pink one !,give,give,VB,one,me,NN,PRP
sarah show her the book .,show,show,VB,book,her,NN,PRP
okay you can read them this story if you want .,read,read,VB,story,them,NN,PRP
momma will give us something else from the drawer .,give,give,VB,something,us,NN,PRP
if you give me that money i'll give you some coins okay .,give,give,VBP,money,me,NN,PRP
okay what is the funny thing that we usually play with the dinosaurs remember what did you used to do when i would give you money ?,give,give,VB,money,you,NN,PRP
and then do you give him a hair cut .,give,give,VB,cut,him,NN,PRP
okay i'll find you another letter ?,find,find,VB,letter,you,NN,PRP
oh i already asked you that question .,ask,asked,VBD,question,you,NN,PRP
and then they gave you chocolate pudding with chocolate sprinkles .,give,gave,VBD,pudding,you,NN,PRP
when i was in the bath tub and you sat on the stool and read me that book ?,read,read,VBD,book,me,NN,PRP
and what did nonna tell you .,tell,tell,VB,you,what,PRP,WP
did daddy teach you that ?,teach,teach,VB,that,you,DT,PRP
i can read you the book william but we're not gonna watch that right now okay .,read,read,VB,book,you,NN,PRP
yeah did you tell edna the animals you saw yesterday ?,tell,tell,VB,animals,edna,NNS,NNP
let megan show me the three little pigs .,show,show,VB,pigs,me,NNS,PRP
he left you some toys .,leave,left,VBD,toys,you,NNS,PRP
yeah you read me a story .,read,read,VBD,story,me,NN,PRP
is he giving him something .,give,giving,VBG,something,him,NN,PRP
i should give him a big smile .,give,give,VB,smile,him,NN,PRP
you didn't give her your blanket .,give,give,VB,blanket,her,NN,PRP
at school what do you usually bring in your lunch box .,bring,bring,VB,box,what,NN,WP
okay give me the pink ?,give,give,VB,pink,me,NN,PRP
you gonna cover the monkeys that jerry gave you .,give,gave,VBD,you,that,PRP,WDT
give marky this red one .,give,give,VB,one,marky,NN,NNP
that's why i just gave you a nickel !,give,gave,VBD,nickel,you,NN,PRP
who gave you the tigers ?,give,gave,VBD,tigers,you,NNS,PRP
give me the phone give me .,give,give,VB,phone,me,NN,PRP
i give you a kiss ?,give,give,VBP,kiss,you,NN,PRP
did you give baby passie some juice or some milk this morning ?,give,give,VB,juice,passie,NN,NNP
yes you're giving yourself a ride .,give,giving,VBG,ride,yourself,NN,PRP
what what another animal says ?,say,says,VBZ,what,what,WP,WP
i gave you more .,give,gave,VBD,more,you,JJR,PRP
give me a shampoo .,give,give,VB,shampoo,me,NN,PRP
show her your fishies .,show,show,VB,fishies,her,NNS,PRP
give me some more money .,give,give,VB,money,me,NN,PRP
show linda what mrs wood gave you .,give,gave,VBD,you,what,PRP,WP
oh what do you tell bunny ?,tell,tell,VB,bunny,what,NNP,WP
oh what did you take off the dog .,take,take,VB,dog,what,NN,WP
i think you owe me my dollar back ?,owe,owe,VBP,dollar,me,NN,PRP
i'll show you a picture sometime ?,show,show,VB,picture,you,NN,PRP
nanny gave you the sweater !,give,gave,VBD,sweater,you,NN,PRP
can i give you a hint about what we did with wilson ?,give,give,VB,hint,you,NN,PRP
how much do i owe you ?,owe,owe,VB,you,much,PRP,JJ
can you tell me the reason you did it here ?,tell,tell,VB,reason,me,NN,PRP
what's his mommy bringing him ?,bring,bringing,VBG,him,what,PRP,WP
danny said to himself what shall i give my mother for her birthday ?,give,give,VB,mother,what,NN,WP
she gave you one anyway right ?,give,gave,VBD,one,you,NN,PRP
what'd you tell miss white ?,tell,tell,VB,white,what,NNP,WP
what'd you tell him ?,tell,tell,VB,him,what,PRP,WP
she gave her ear rings ?,give,gave,VBD,rings,her,NNS,PRP
usually he tells you lunch or what he's eaten .,tell,tells,VBZ,lunch,you,NN,PRP
if you bring me my purse ?,bring,bring,VBP,purse,me,NN,PRP
a ghost what does a ghost say ?,say,say,VB,what,ghost,WP,NN
sing it a song ?,sing,sing,VB,song,it,NN,PRP
and we'll charge you twenty five cents for that .,charge,charge,VB,cents,you,NNS,PRP
sarah i'll make you tuna fish in a minute .,make,make,VB,fish,you,NN,PRP
show linda what mrs wood gave you okay .,give,gave,VBD,you,what,PRP,WDT
give mommy the train .,give,give,VB,train,mommy,NN,NN
okay i will tell you a story ?,tell,tell,VB,story,you,NN,PRP
shall we feed snoopy some cookie .,feed,feed,VB,cookie,snoopy,NN,NNP
tell me something about the flowers ?,tell,tell,VB,something,me,NN,PRP
uh then i think you can make me some peas ?,make,make,VB,peas,me,NNS,PRP
why don't you tell her your joke .,tell,tell,VB,joke,her,NN,PRP
read mama the book start at the beginning .,read,read,VB,book,mama,NN,NNP
okay we'll give this one a try ?,give,give,VB,try,one,NN,NN
just tell me a couple more things you did today and then you can play and then we're done ?,tell,tell,VB,things,me,NNS,PRP
what if i give you a toy ?,give,give,VBP,toy,you,NN,PRP
does he give em breakfast .,give,give,VB,breakfast,em,NN,PRP
i like giving people presents ?,give,giving,VBG,presents,people,NNS,NNS
second one they've sent me .,send,sent,VBN,me,one,PRP,NN
how about giving him a hat ?,give,giving,VBG,hat,him,NN,PRP
throw me that ball ?,throw,throw,VB,ball,me,NN,PRP
oh and you gave him the plant .,give,gave,VBD,plant,him,NN,PRP
i could give them my brussels sprouts .,give,give,VB,sprouts,them,NNS,PRP
daddy reads us a story .,read,reads,VBZ,story,us,NN,PRP
hand me that boot .,hand,hand,VB,boot,me,NN,PRP
yup take these over here these dinosaurs .,take,take,VB,dinosaurs,these,NNS,DT
mama give me a mama .,give,give,VB,mama,me,NN,PRP
that's just what mommy taught you naima .,teach,taught,VBD,you,what,PRP,WP
she said well you can give me ten dollars and i'll bring back the change .,give,give,VB,dollars,me,NNS,PRP
give me the name for some days !,give,give,VB,name,me,NN,PRP
oh can you can you give me a hug and a kiss ?,give,give,VB,hug,me,NN,PRP
mommy giving daddy a hug ?,give,giving,VBG,hug,daddy,NN,NN
come here i wanna show you some other cards .,show,show,VB,cards,you,NNS,PRP
tell me your name ?,tell,tell,VB,name,me,NN,PRP
tell her about the pizza man ?,tell,tell,VB,man,her,NN,PRP
give me some pants please ?,give,give,VB,pants,me,NNS,PRP
would you read me a book first !,read,read,VB,book,me,NN,PRP
leila gave you this book too .,give,gave,VBD,book,you,NN,PRP
give marky a kiss .,give,give,VB,kiss,marky,NN,NNP
i gave her a spanking for something yesterday and she sat there crying .,give,gave,VBD,spanking,her,NN,PRP
can you sing me a song ?,sing,sing,VB,song,me,NN,PRP
tell me your joke .,tell,tell,VB,joke,me,NN,PRP
well zeroes was my idea i told him zeros ?,tell,told,VBD,zeros,him,NNS,PRP
what if somebody else gives you the cash register for christmas ?,give,gives,VBZ,register,you,NN,PRP
remember what i told you ?,tell,told,VBD,you,what,PRP,WP
give me those sarah .,give,give,VB,sarah,me,NNP,PRP
they gave you an ice cream cone for dessert .,give,gave,VBD,cone,you,NN,PRP
you give her a little glass ?,give,give,VBP,glass,her,NN,PRP
show me the eyes .,show,show,VB,eyes,me,NNS,PRP
here let me give you some clay ?,give,give,VB,clay,you,NN,PRP
what's mummy gonna give you ?,give,give,VB,gon,what,VBG,WP
i'll give you some more .,give,give,VB,more,you,JJR,PRP
you giving me a hug ?,give,giving,VBG,hug,me,NN,PRP
she gave us some homemade frozen butter creams .,give,gave,VBD,creams,us,NNS,PRP
okay tell me your telephone number ?,tell,tell,VB,number,me,NN,PRP
i'll see if i can find you a real funny book okay ?,find,find,VB,book,you,NN,PRP
a very exasperated voice so i won't ask you any more question ?,ask,ask,VB,question,you,NN,PRP
do you remember i taught you that ?,teach,taught,VBD,that,you,DT,PRP
i can give you a nice fresh ham for your mother's birthday .,give,give,VB,ham,you,NN,PRP
why don't you show ursula your new game ?,show,show,VB,game,ursula,NN,NNP
give me the mail in .,give,give,VB,mail,me,NN,PRP
you threw away the catalogue that gammy gave me .,give,gave,VBD,me,that,PRP,WDT
okay i'll write you a lady on this page .,write,write,VB,lady,you,NN,PRP
no ask them honey .,ask,ask,VB,honey,them,NN,PRP
okay now i'll give you some love ?,give,give,VB,love,you,NN,PRP
now give him a big smile .,give,give,VB,smile,him,NN,PRP
alright well why don't i give you call when ?,give,give,VB,call,you,NN,PRP
would you like this cap come here and let me show you this cap .,show,show,VB,cap,you,NN,PRP
give me that phone please ?,give,give,VB,phone,me,NN,PRP
i'll give you more milk and then i'll be right back .,give,give,VB,milk,you,NN,PRP
i know you've already told me that so talk about something else ?,tell,told,VBD,that,me,DT,PRP
he showed them where to find the bathroom and offered everyone a piece of fruit ?,offer,offered,VBD,piece,everyone,NN,NN
maybe if you tell him all of the things you can do he'll take off his blindfold and play with you ?,tell,tell,VBP,all,him,DT,PRP
ross let me ask you a real question okay ?,ask,ask,VB,question,you,NN,PRP
oh he did give you those .,give,give,VB,those,you,DT,PRP
he's gonna give me a cow ?,give,give,VB,cow,me,NN,PRP
okay give me that one .,give,give,VB,one,me,NN,PRP
you give him some eyes with the red ?,give,give,VB,eyes,him,NNS,PRP
give you what ?,give,give,VB,what,you,WP,PRP
what do they tell the cowboys ?,tell,tell,VB,cowboys,what,NNS,WP
okay give me a mama .,give,give,VB,mama,me,NN,PRP
now give me another one mama .,give,give,VB,one,me,NN,PRP
did he give you those .,give,give,VB,those,you,DT,PRP
gives us all of our light .,give,gives,VBZ,all,us,DT,PRP
and now here you go to henry and give him the bubbles .,give,give,VBP,bubbles,him,NNS,PRP
we'll each give you a bite .,give,give,VB,bite,you,NN,PRP
why don't you give it a good bath right .,give,give,VB,bath,it,NN,PRP
you tell me what they are and i'll give you one of everything you can tell me .,give,give,VB,one,you,CD,PRP
are you gonna give me some of it ?,give,give,VB,some,me,DT,PRP
i gave you the .,give,gave,VBD,the,you,DT,PRP
where's the big card that nonna brought you ?,bring,brought,VBD,you,that,PRP,WDT
who did we give bread too ?,give,give,VB,bread,who,NN,WP
adam if you bring me my purse i'll see if i have one .,bring,bring,VBP,purse,me,NN,PRP
i give you a little bite of this .,give,give,VBP,bite,you,NN,PRP
are you offering me some ?,offer,offering,VBG,some,me,DT,PRP
now i send you the rays of the sun ?,send,send,VBP,rays,you,NNS,PRP
can i give you a hint ?,give,give,VB,hint,you,NN,PRP
okay give mommy some blue .,give,give,VB,blue,mommy,NN,NN
daddy give you ice cream ?,give,give,VB,cream,you,NN,PRP
okay give me a shampoo ?,give,give,VB,shampoo,me,NN,PRP
you can name him that if you want .,name,name,VB,that,him,DT,PRP
let's show linda your train !,show,show,VB,train,linda,NN,NNP
you're gonna tell me the story what's going on in the story william ?,tell,tell,VB,story,me,NN,PRP
no he's asking you a question .,ask,asking,VBG,question,you,NN,PRP
oh is that what she told you ?,tell,told,VBD,you,what,PRP,WP
go ahead and open the curtains so we can read them a story .,read,read,VB,story,them,NN,PRP
here go why don't you show amanda your bracelet tell her who's on there ?,show,show,VB,bracelet,amanda,NN,NNP
okay okay i'll give you some gum shall i give you half a piece ?,give,give,VB,gum,you,NN,PRP
can you tell me anything you see in this picture ?,tell,tell,VB,anything,me,NN,PRP
you wanna give him some more pretzels ?,give,give,VB,pretzels,him,NNS,PRP
tomorrow tell her tomorrow's your birthday ?,tell,tell,VB,birthday,her,NN,PRP
daddy gave you the ball .,give,gave,VBD,ball,you,NN,PRP
can i show you my cards again .,show,show,VB,cards,you,NNS,PRP
why don't you give her the pen that's on the window sill ?,give,give,VB,pen,her,NN,PRP
just give her one or two !,give,give,VB,one,her,CD,PRP
give me some dollar bill .,give,give,VB,bill,me,NN,PRP
oh no please don't throw it alex .,throw,throw,VB,alex,it,NN,PRP
yeah show me my name .,show,show,VB,name,me,NN,PRP
did i give you any fish ?,give,give,VB,fish,you,NN,PRP
hopefully looking for a morning class if you could give me a call .,give,give,VB,call,me,NN,PRP
okay i want to see that that mrs wood gave you .,give,gave,VBD,you,that,PRP,WDT
i give you a little more .,give,give,VBP,more,you,JJR,PRP
i'll give you mostly raisins .,give,give,VB,raisins,you,NNS,PRP
let's put a few more away and then i'll give you some ginger ale ?,give,give,VB,ale,you,NN,PRP
let's go look let's go look while we talk to her and we can tell her everything that's on it ?,tell,tell,VB,everything,her,NN,PRP
justin sent you this valentine .,send,sent,VBD,valentine,you,NNP,PRP
oh who gave you this book .,give,gave,VBD,book,you,NN,PRP
we'll give you that one ?,give,give,VB,one,you,NN,PRP
nonna sent you some stickers for halloween ?,send,sent,VBD,stickers,you,NNS,PRP
for christmas lily gave chester and wilson nifty disguises .,give,gave,VBD,wilson,chester,NNP,NNP
tell courtney his name .,tell,tell,VB,name,courtney,NN,NNP
ooh you didn't show amanda your eraser ?,show,show,VB,eraser,amanda,NN,NNP
why don't you write your abc's ?,write,write,VB,'s,abc,NNS,NNS
give you some eggs today ?,give,give,VB,eggs,you,NNS,PRP
you gonna give me a bite of cake ?,give,give,VB,bite,me,NN,PRP
what did you tell mommy and daddy you were doing when you went like this honey ?,tell,tell,VB,mommy,what,NN,WP
oh look at the card that maggie sent you for halloween .,send,sent,VBD,you,that,PRP,WDT
give mommy the blue playdough please ?,give,give,VB,playdough,mommy,NN,NN
peter come here a second i want ta ask you something .,ask,ask,VB,something,you,NN,PRP
show her the record .,show,show,VB,record,her,NN,PRP
what did you give her ?,give,give,VB,her,what,PRP,WP
okay in a few minutes i'll give you paper ?,give,give,VB,paper,you,NN,PRP
oh give me this one .,give,give,VB,one,me,NN,PRP
you wanna show erin all those pictures ?,show,show,VB,pictures,erin,NNS,NNP
did you show her your game adam .,show,show,VB,game,her,NN,PRP
yeah okay tell me a little bit about this book ?,tell,tell,VB,bit,me,NN,PRP
give her a ride ?,give,give,VB,ride,her,NN,PRP
come on read me the story .,read,read,VB,story,me,NN,PRP
do you wanna read me another book ?,read,read,VB,book,me,NN,PRP
and she gave you ginger ale with something inside .,give,gave,VBD,ale,you,NN,PRP
i brought you a puppet .,bring,brought,VBD,puppet,you,NN,PRP
give me your last kiss .,give,give,VB,kiss,me,NN,PRP
now if i give you two more how many do you think you will have ?,give,give,VBP,two,you,CD,PRP
do you think they will give him some honey ?,give,give,VB,honey,him,NN,PRP
and ellie and david gave you this pair of pants .,give,gave,VBD,pair,you,NN,PRP
this is the card that nonna sent you for halloween ?,send,sent,VBD,you,that,PRP,WDT
that's a nice akiya that mama gave you .,give,gave,VBD,you,that,PRP,WDT
can i ask you a question ?,ask,ask,VB,question,you,NN,PRP
you told mommy that .,tell,told,VBD,that,mommy,DT,NN
did you tell him a story about a devil ?,tell,tell,VB,story,him,NN,PRP
you wanna start reading them that book ?,read,reading,VBG,book,them,NN,PRP
give you a piece .,give,give,VB,piece,you,NN,PRP
you were telling me something about the elevators though .,tell,telling,VBG,something,me,NN,PRP
ah hi you're the one who sold me all the dinosaurs right ?,sell,sold,VBD,dinosaurs,me,NNS,PRP
dad gotta tell you a secret .,tell,tell,VB,secret,you,NN,PRP
hundred and fifty dollars worth he said giving the man who had said he could take as much as he wanted one of his hardest stares .,give,giving,VBG,much,man,JJ,NN
see you put their mail in their door in the slot in their door give them their mail .,give,give,VB,them,mail,PRP,NN
you gave me the mixed up alien there .,give,gave,VBD,alien,me,NN,PRP
huh you given him a bleach job .,give,given,VBN,job,him,NN,PRP
you told me the truth .,tell,told,VBD,truth,me,NN,PRP
well um you know amanda and katherine sent us that for the transmitter but i think they wouldn't mind if olivia also rides in it ?,send,sent,VBD,that,us,DT,PRP
give me my little pen .,give,give,VB,pen,me,NN,PRP
give me another baby ?,give,give,VB,baby,me,NN,PRP
daddy asked you a question ?,ask,asked,VBD,question,you,NN,PRP
sarah show me that book .,show,show,VB,book,me,NN,PRP
can you give panacka a raisin ?,give,give,VB,raisin,panacka,NN,NNP
can you show me mary ?,show,show,VB,mary,me,NNP,PRP
give me your other hand .,give,give,VB,hand,me,NN,PRP
how about i give her two pig tails ?,give,give,VBP,tails,her,NNS,PRP
aha kalie travis is showing you the right spot ?,show,showing,VBG,spot,you,NN,PRP
what shall we feed him ?,feed,feed,VB,him,what,PRP,WP
gave you a whole set of brand new golf clubs .,give,gave,VBD,set,you,NN,PRP
give me some money .,give,give,VB,money,me,NN,PRP
do you wanna give sally a bath when you're done ?,give,give,VB,bath,sally,NN,NNP
are you gonna give your coffee shop a name .,give,give,VB,name,shop,NN,NN
i give you a bite of this one .,give,give,VBP,bite,you,NN,PRP
give a dog a bone .,give,give,VB,bone,dog,NN,NN
give me that phone please .,give,give,VB,phone,me,NN,PRP
sarah give me a kiss .,give,give,VB,kiss,me,NN,PRP
what kinda are you making the ice cream ?,make,making,VBG,cream,kinda,NN,NN
bring them the muffins !,bring,bring,VB,muffins,them,NNS,PRP
okay would you loan me some money please ?,loan,loan,VB,money,me,NN,PRP
he's asking you questions .,ask,asking,VBG,questions,you,NNS,PRP
and then they gave you a chocolate bar too .,give,gave,VBD,bar,you,NN,PRP
don't give me that cookie .,give,give,VB,cookie,me,NN,PRP
come on give me a shampoo ?,give,give,VB,shampoo,me,NN,PRP
take to maggie's house and show maggie your santa claus cookie .,show,show,VB,cookie,maggie,NN,NNP
and i'll give you some .,give,give,VB,some,you,DT,PRP
tell me some more about it ?,tell,tell,VB,more,me,JJR,PRP
i just told him o r e y o .,tell,told,VBD,o,him,NN,PRP
you given them all a shampoo .,give,given,VBN,shampoo,them,NN,PRP
franklin's father gave him a hug .,give,gave,VBD,hug,him,NN,PRP
christopher robin gives pooh an umbrella ?,give,gives,VBZ,umbrella,pooh,NN,NNP
you give me a headache .,give,give,VBP,headache,me,NN,PRP
i'm gonna show you something else ?,show,show,VB,something,you,NN,PRP
i think i'm gonna give you a different bowl for this .,give,give,VB,bowl,you,NN,PRP
give mister ears a hug .,give,give,VB,hug,ears,NN,NNP
you wouldn't think said the manager that giving someone a prize would be so difficult .,give,giving,VBG,prize,someone,NN,NN
what do you want juice ?,want,want,VB,juice,what,NN,WP
no give me a bobby pin .,give,give,VB,pin,me,NN,PRP
i'll give you some more leaves .,give,give,VB,leaves,you,NNS,PRP
okay i'm gonna leave him a message .,leave,leave,VB,message,him,NN,PRP
give him one which one you gonna let him use .,give,give,VB,one,him,NN,PRP
come here kalie give me travis's ?,give,give,VB,travis,me,NNS,PRP
what are they doing tell me a story ?,tell,tell,VB,me,what,PRP,WP
did i ever show you this ?,show,show,VB,this,you,DT,PRP
here i'll give you some money okay .,give,give,VB,money,you,NN,PRP
oh you show mrs evans your baby .,show,show,VBP,baby,evans,NN,NNP
can you come show me your book ?,show,show,VB,book,me,NN,PRP
give me the money .,give,give,VB,money,me,NN,PRP
you could make him some tea ?,make,make,VB,tea,him,NN,PRP
see if you can find me some lunch food over there ?,find,find,VB,food,me,NN,PRP
he's feeding him lots of grapes .,feed,feeding,VBG,lots,him,NNS,PRP
you are charging me nothing .,charge,charging,VBG,nothing,me,NN,PRP
can you tell me some more about the book how about the first page ?,tell,tell,VB,more,me,JJR,PRP
we wish you a merry christmas ?,wish,wish,VBP,christmas,you,NNP,PRP
don't give him polka dotted ones .,give,give,VB,ones,him,NNS,PRP
sue sent mommy that ?,send,sent,VBD,that,mommy,DT,NNP
can you give me some of the things from the laundry basket ?,give,give,VB,some,me,DT,PRP
remember who gave you those blocks ?,give,gave,VBD,blocks,you,NNS,PRP
gives it some flavor doesn't it .,give,gives,VBZ,flavor,it,NN,PRP
here i'll give you a helping hand .,give,give,VB,hand,you,NN,PRP
melissa you wanna come read me a story .,read,read,VB,story,me,NN,PRP
you could read yourself a story ?,read,read,VB,story,yourself,NN,PRP
bring them out here and make me a cake .,make,make,VB,cake,me,NN,PRP
what did aunt carey give you ?,give,give,VB,you,what,PRP,WP
put them on and tell me a story ?,tell,tell,VB,story,me,NN,PRP
oh we're gonna give him a blow dry now ?,give,give,VB,dry,him,NN,PRP
give me that phone ?,give,give,VB,phone,me,NN,PRP
a lot of children when they how to write and read reverse things reverse letters .,read,read,VB,letters,things,NNS,NNS
hand me those .,hand,hand,VB,those,me,DT,PRP
alex give mommy the other tracks please in the bin .,give,give,VB,tracks,mommy,NNS,NN
and who gives you the hair cut .,give,gives,VBZ,cut,you,NN,PRP
i'm telling you the truth yeah .,tell,telling,VBG,truth,you,NN,PRP
okay i'll will write you another one .,write,write,VB,one,you,NN,PRP
she gave you a kiss ?,give,gave,VBD,kiss,you,NN,PRP
roman she just asked you a question .,ask,asked,VBD,question,you,NN,PRP
you think cookie monster can give parrot a huggie please .,give,give,VB,huggie,parrot,NN,NNP
we should tell daddy that ?,tell,tell,VB,that,daddy,DT,NN
yeah now give me the phone .,give,give,VB,phone,me,NN,PRP
and daddy fed him bacon .,feed,fed,VBD,bacon,him,NN,PRP
did you give it your best effort asked his mother .,give,give,VB,effort,it,NN,PRP
on your toast we gave you a lot of egg .,give,gave,VBD,lot,you,NN,PRP
no i meant say what you're saying it's taking you a long time .,take,taking,VBG,you,what,PRP,WP
who gave you that shirt nat ?,give,gave,VBD,shirt,you,NN,PRP
let me show you something ?,show,show,VB,something,you,NN,PRP
now you've taught me something said mr owl .,teach,taught,VBN,something,me,NN,PRP
can you give me something for my mother's birthday ?,give,give,VB,something,me,NN,PRP
if you want that one give sara this one .,give,give,VB,sara,one,NNP,NN
okay what did i give you for christmas ?,give,give,VB,you,what,PRP,WP
why it's danny riding on a dinosaur said a child maybe he'll give us a ride .,give,give,VB,ride,us,NN,PRP
he sat on his bike and his mother gave him a push ?,give,gave,VBD,push,him,NN,PRP
you should show max your rhyming game on the back of your cereal .,show,show,VB,game,max,NN,NNP
hey you can give them their snack in these bowls .,give,give,VB,snack,them,NN,PRP
why do not you you give him a whole bone ?,give,give,VB,bone,him,NN,PRP
it will give you a tummyache .,give,give,VB,tummyache,you,NN,PRP
make daddy's face right here and give him lots of hair and a beard .,give,give,VB,lots,him,NNS,PRP
what did you give him for supper ?,give,give,VB,him,what,PRP,WP
did he give you a candy ?,give,give,VB,candy,you,NN,PRP
yep i just gave you some but that's all that's left ?,give,gave,VBD,some,you,DT,PRP
give me a kiss .,give,give,VB,kiss,me,NN,PRP
this boy is giving the walrus some water ?,give,giving,VBG,water,walrus,NN,NNS
are you gonna give me some lunch or not ?,give,give,VB,lunch,me,NN,PRP
give me my horse back .,give,give,VB,horse,me,NN,PRP
who gave you that dress ?,give,gave,VBD,dress,you,NN,PRP
can you tell him the story ?,tell,tell,VB,story,him,NN,PRP
